CDARAP|UMISAP|ALIVAP|DSARAP|DSALAP|CISOAP|PRZ1AP|PRZ2AP|PRZ3AP|PRZ4AP|STREAP
.|KG|04|--------------------|--------------------|GB|||||0|
ABA|KG|04|BIRNEN ABATE|PERE ABATE|IT|3.50|3.50|3.50||1|
ABAAR|KG|04|BIRNEN ABATE|PERE ABATE|AR|||||0|
ABAEC|KG|04|ABATE BIRNEN|PERE ABATE|EC|||||0|
ABANR|NR|04|BIRNEN ABATE|PERE ABATE|EC|||||0|
ADZ|KG|04|ADZUCHI|ADZUCHI|IT|||||0|
ADZNR|NR|04|ADZUCHI VERP.|ADZUCHI CONF.|IT|||||0|
AFFILLA|NR|04|AFFILLA KRESSE|CRESCIONE AFFILLA|NL|17.50|17.50|17.50||1|
AGR|KG|04|AGRETTI|AGRETTI|IT|6.50||||1|
AKUNR|NR|04|PILZE AKURATAKI|FUNGHI AKURATAKI|CN|||||0|
ALE|KG|04|TRAUBEN ALEDO|UVA ALEDO|ES|||||0|
AMKAR|KG|10|SUSSKARTOFFELN|PATATE DOLCI|IT|2.80|2.80|2.50|3.00|1|
AMKARNR|NR|10|SUSSKARTOFFELN|PATATE DOLCI|IL|||||0|
AN|KG|04|ANANAS|ANANAS|EC|2.20|2.20|2.20|2.80|1|
ANCU|KG|04|ANANAS CUBA|ANANAS CUBA|CU|||||0|
ANDM|KG|04|ANANAS DEL MONTE|ANANAS DEL MONTE|EC|||||0|
ANERDB|NR|04|ANANAS ERDBEEREN||EC|||||0|
ANFLUG|KG|04|ANANAS FLUG|ANANAS  VIA AEREA|EC|5.50|5.60|5.50|5.80|1|
ANFRU|KG|04|ANANAS FRUNET|ANANAS FRUNET|EC|||||0|
ANG|KG|04|WASSERMELONEN|ANGURIE|IT|||||0|
ANGEC|KG|04|WASSERMELONEN|ANGURIE|EC|2.00|2.00|2.00||1|
ANGES|KG|04|WASSERMELONEN|ANGURIE|ES|||||0|
ANGGE|KG|04|WASSERMELONEN GELB|ANGURIE GIALLE|IT|||||0|
ANGK|KG|04|WASSERMELONEN KERNLO|ANGURIE SENZA SEMI|IT|||||0|
ANGKES|KG|04|WASSERMELONEN KERNLO|ANGURIE SENZA SEMI|ES|||||0|
ANI|NR|04|ANIS BLUTEN|FIORI DI ANICE|NL|18.00|18.00|18.00||1|
ANLOLA|KG|04|ANANAS LOLA|ANANAS 'LOLA'|EC|||||0|
ANMI|KG|04|ANANAS BABY|ANANAS MIGNON|EC|5.00|5.00|5.00|6.00|1|
ANNR|NR|04|ANANAS|ANANAS|EC|||||0|
ANTR|KG|10|ANANAS GETROCKNET|ANANAS SECCO|IT|||||0|
ANTRNR|NR|10|ANANAS GETROCKNET|ANANAS DISIDRATATO|..|||||0|
AP|KG|04|APFEL|MELE|IT|||||0|
APAMB|KG|04|APFEL AMBROSIA|MELE AMBROSIA|IT|||||0|
APBLOS|NR|04|APPLE BLOSSOM|APPLE BLOSSOM|NL|18.00|18.00|18.00||1|
APBRA|KG|04|APFEL BRAEBURN|MELE BRAEBURN|IT|||||0|
APCOSMIC|KG|04|APFEL COSMIC CRISP|MELE COSMIC CRISP|IT|2.20|2.20|2.20|2.50|1|
APCRIP|KG|04|APFEL CRIPS PINK|MELE CRIPPS PINK|IT|||||0|
APCRIPAR|KG|04|APFEL CRIPS||AR|||||0|
APCRIPCL|KG|04|APFEL CRIPS|MELE CRIPS|CL|||||0|
APENVY|KG|04|APFEL ENVY SCILATE|MELE ENVY SCILATE|BZ|2.20|2.20|2.20||1|
APES|NR|10|APFELESSIG|ACETO DI MELE|..|||||0|
APGIGA|KG|04|APFEL GIGA|MELE GIGA|IT|||||0|
APGLO|KG|04|APFEL GLOSTER|MELE  GLOSTER|IT|||||0|
APGOL|KG|04|APFEL GOLDEN DELICIO|MELE GOLDEN DELICIOU|BZ|1.88|1.88|1.88|2.00|1|
APGOLVIP|KG|04|APFEL GOLDEN VINSCHG|MELE GOLDEN VENOSTA|BZ|||||0|
APGOLVOG|KG|04|APFEL GOLDEN MARLENE|MELE GOLDEN MARLENE|BZ|||||0|
APGRA|KG|04|APFEL GRANNY SMITH|MELE GRANNY SMITH|BZ|2.00|2.00|2.00|2.20|1|
APGRAEC|KG|04|APFEL GRANNY SMITH|MELE 'GRANNY SMITH'|EC|||||0|
APGRANR|NR|04|APFEL GRANNY SMITH|MELE GRANNY SMITH|IT|||||0|
APGRANREC|NR|04|APFEL GRANNY SMITH|MELE 'GRANNY SMITH'|EC|||||0|
APII|KG|04|APFEL II|MELE II|BZ|.93|.93|.93|1.00|1|
APJ|KG|04|APFEL JONAGOLD VINSC|MELE JONAGOLD|IT|1.70|1.70|1.70||1|
APJON|KG|04|APFEL JONATHAN|MELE JONATHAN|BZ|||||0|
APJONA|KG|04|APFEL JONAGOLD|MELE  JONAGOLD|BZ|||||0|
APJVIP|KG|04|APFEL JONAGOLD VINSC|MELE JONAGOLD VENOST|BZ|||||0|
APKANZI|KG|04|APFEL KANZI NICOTER|MELE KANZI NICOTER|BZ|1.88|1.88|1.88|2.20|1|
APLED|KG|04|APFEL LEDERER|MELE RUGGINI|IT|||||0|
APNR|NR|04|APFEL|MELE|IT|||||0|
APPIN|KG|04|APFEL PINOVA|MELE PINOVA|BZ|||||0|
APRED|KG|04|APFEL JONARED|MELE JONARED|BZ|||||0|
APREDPOP|KG|04|APFEL RED POP|MELE RED POP|IT|||||0|
APSAFT|NR|22|APFELSAFT 1 LITER|SUCCO DI MELE 1 L.|IT|||||0|
APSWE|KG|04|APFEL SWEETANGO|MELE SWEETANGO|IT|||||0|
APWINE|KG|04|APFEL WINESAP|MELE WINESAP|BZ|||||0|
APYEL|KG|04|APFEL YELLO|MELE YELLO|IT|||||0|
ARTISTA|NR|04|ARTISTA MIX|ARTISTA MIX|IT|||||0|
AS400|NR|22|as400|AS400 9406-250 SN 65||||||0|
AUS|KG|04|AUSTERNPILZE|FUNGHI AUSTERN|IT|5.00|5.50|5.00|5.50|1|
AUSNR|NR|04|AUSTERN PILZE|FUNGHI PLEOS|NL|||||0|
AVO|KG|04|AVOCADOS|AVOCADO|EC|7.50|7.50|7.50||1|
AVONR|NR|04|AVOCADOS|AVOCADOS|EC||||2.50|1|
BA|KG|04|BANANEN|BANANE|EC|2.20|2.20|2.10|2.50|1|
BAB|KG|04|BABACO|BABACO|IT|||||0|
BABIO|KG|04|BANANEN BIO|BANANE BIO|EC|||||0|
BABLATT|NR|04|BANANEN BLATTER|FOGLIE DI BANANA|EC|||||0|
BABYAN|NR|04|ANANAS BABY|ANANAS BABY|EC|||||0|
BABYANG|KG|04|WASSERMELONE BABY|ANGURIE BABY|IT|||||0|
BABYANGES|KG|04|BABY WASSERMELONEN|ANGURIE BABY|ES|||||0|
BABYBROC|KG|04|BROKKOLI BABY|BABY BROCCOLI|NL|||||0|
BABYBROCNR|NR|04|BROKKOLI BABY|BABY BROCCOLI|NL|||||0|
BABYFE|KG|04|FENCHEL BABY|FINOCCHI BABY|NL|||||0|
BABYFENR|NR|04|FENCHEL BABY|FINOCCHI BABY|NL|||||0|
BABYKA|KG|04|KAROTTEN BABY|CAROTE MINI CONF.|ZA|21.00|21.80|20.00||1|
BABYKANR|NR|04|KAROTTEN BABY|CAROTE MINI|NL||||4.80|1|
BABYKAPL|KG|04|KAROTTEN BABY LOSE|CAROTE BABY SFUSE|NL|||||0|
BABYKARF|NR|04|KARFIOL BABY|CAVOLFIORI BABY|FR|||||0|
BABYMAIS|KG|04|MAIS BABY|BABY MAIS|EC|18.50|20.00|18.50||1|
BABYME|KG|04|MELANZANE BABY|MELANZANE BABY|IT|5.50|5.50|5.50||1|
BABYPAK|KG|04|BABY PAK CHOI|BABY PAK CHOI|EC|7.00|7.00|7.00||1|
BABYPAT|KG|04|PATTISON BABY||NL|||||0|
BABYPEP|KG|04|PEPERONI BABY|PEPERONI BABY|NL|8.00|8.80|8.00||1|
BABYPOR|KG|04|LAUCH BABY|PORRO BABY|IT|||||0|
BABYPORNR|NR|04|LAUCH BABY|PORRO BABY|IT|||||0|
BABYROTRU|NR|04|BEETE BABY|RAPE BABY|NL|4.50|4.50|4.50||1|
BABYSPI|KG|04|SPINAT BABY|BABY SPINACINI|IT|7.50|7.50|7.50||1|
BABYWI|NR|04|WIRSING BABY||NL|||||0|
BABYZU|KG|04|ZUCCHINI BABY|ZUCCHINE BABY|IT|||||0|
BABYZUNR|NR|04|ZUCCHINI BABY|BABY ZUCCHINI|IT|||||0|
BACHI|KG|04|BANANEN CHIQUITA|BANANE CHIQUITA|EC|||||0|
BACHNR|NR|04|BACHKRESSE|BACHKRESSE|NL|||||0|
BADOLE|KG|04|BANANEN DOLE|BANANE DOLE|EC|||||0|
BAKAFR|KG|04|KAROTTEN BABY|CAROTE BABY|FR|||||0|
BAKANL|KG|04|KAROTTEN BABY|CAROTE BABY|NL|||||0|
BAKANRFR|NR|04|KAROTTEN BABY|CAROTE BABY|FR|||||0|
BAKANRNL|NR|04|KAROTTEN BABY|CAROTE BABY|NL|||||0|
BALES|NR|10|BALSAM ESSIG MODENA|ACETO BALS. MODENA|..|||||0|
BAMI|KG|04|BANANEN BABY|BANANE MIGNON|EC|14.00|14.00|14.00|14.00|1|
BAMINR|NR|04|BANANEN BABY|BANANE MINI|EC|||||0|
BANR|NR|04|BANANEN|BANANE|EC|||||0|
BAR|KG|04|BARLAUCH|AGLIO ORSINO|IT|||||0|
BAROT|KG|04|BANANEN ROT|BANANE ROSSE|EC|||||0|
BAS|NR|05|BASILIKUM|BASILICO|KE|||||0|
BASBD|NR|05|BASILIKUM IN BUND|BASILICO IN MAZZI|IT|||||0|
BASKE|KG|05|BASILIKUM VERP.|BASILICO CONF.|KE|28.00|28.00|25.00||1|
BASKG|KG|05|BASILIKUM|BASILICO|IT|||||0|
BASR|NR|05|BASILIKUM ROT|BASILICO ROSSO|IT|||||0|
BAST|NR|04|BASILIKUM IN TOPF|BASILICO IN VASO|IT|||||0|
BEAKAR|KG|04|KARTOFFELN BEA|PATATE BEA|IT|||||0|
BEAN|NR|04|BEAN BLOSSOM|BEAN BLOSSOM|NL|||||0|
BEL|KG|04|BELGISCHER SALAT|INSALATA BELGA|NL|3.80|3.50|3.50|4.50|1|
BELNR|NR|04|BELGISCHER SALAT|INSALATA BELGA|NL|||||0|
BELR|KG|04|BELGA ROT|BELGA ROSSA|FR|||||0|
BELRNR|NR|04|BELGA ROT VERP.|BELGA ROSSA CONF.|FR|||||0|
BER|KG|04|BERGAMOTTE|BERGAMOTTO|IT|||||0|
BI|KG|04|BIRNEN|PERE|IT|||||0|
BICAR|KG|04|BIRNEN CARMEN|BIRNEN CARMEN|IT|||||0|
BICON|KG|04|BIRNEN CONFERENCE|PERE CONFERENCE|IT|||||0|
BIEC|KG|04|BIRNEN|PERE|EC|||||0|
BIES|KG|04|BIRNEN|PERE|ES|||||0|
BIFORAR|KG|04|BIRNEN FORELLE|PERE FORELLE|AR|||||0|
BIFOREC|KG|04|BIRNEN FORELLE|PERE FORELLE|EC|||||0|
BIGU|KG|04|BIRNEN GUYOT|PERE GUYOT|IT|||||0|
BIL|NR|22|ELEKTT.WAAGE TANITA|||||||0|
BIMAR|KG|04|BIRNEN S. MARIA|PERE S. MARIA|IT|||||0|
BIMOR|KG|04|BIRNEN MORETTINE|PERE MORETTINE|IT|||||0|
BINR|NR|04|BIRNEN|PERE|EC|||||0|
BIOABA|KG|04|BIRNEN ABATE BIO|PERE ABATE BIO|IT|||||0|
BIOAGR|KG|04|AGRETTI BIO|AGRETTI BIO|IT|||||0|
BIOAN|KG|04|ANANAS BIO|ANANAS BIO|EC|||||0|
BIOANG|KG|04|WASSERMELONEN BIO|ANGURIE BIO|IT|||||0|
BIOAP|KG|04|APFEL BIO|MELE BIO|IT|||||0|
BIOAPGOL|KG|04|APFEL GOLDEN BIO|MELE GOLDEN BIO|IT|||||0|
BIOAPPIN|KG|04|APFEL PINOVA BIO|MELE PINOVA BIO|IT|||||0|
BIOAUS|KG|04|AUSTERN BIO|PLEUROTUS BIO|IT|||||0|
BIOAVO|KG|04|AVOCADO BIO|AVOCADO BIO|EC|||||0|
BIOAVONR|NR|04|AVOCADO BIO|AVOCADO BIO|EC|||||0|
BIOBA|KG|04|BANANEN BIO|BANANE BIO|EC||||2.50|1|
BIOBAMINR|NR|04|BANANEN BABY BIO|BANANE MINI BIO|EC|||||0|
BIOBAS|NR|05|BASILIKUM BIO|BASILICO BIO|IT|||||0|
BIOBI|KG|04|BIRNEN BIO|PERE BIO|IT|||||0|
BIOBL|KG|04|BLAUKRAUT BIO|CAPPUCCI ROSSI BIO|IT|||||0|
BIOBOH|KG|04|BOHNEN BIO|FAGIOLINI BIO|IT|||||0|
BIOBRAS|KG|04|BRASILIANER SALAT BI|BRASILIANA BIO|IT|||||0|
BIOBROC|KG|04|BROKKOLI BIO|BROCCOLI BIO|IT|||||0|
BIOBROMNR|NR|04|BROMBEEREN BIO||IT|||||0|
BIOBTR|KG|04|TRAUBEN BLAU BIO|UVA NERA BIO|IT|||||0|
BIOCAR|NR|04|ARTISCHOCKEN BIO|CARCIOFI BIO|IT|||||0|
BIOCARDI|KG|04|CARDI BIO|CARDI BIO|EC|||||0|
BIOCAV|KG|04|SCHWARZKOHL BIO|CAVOLO NERO BIO|IT|||||0|
BIOCED|KG|04|CEDRI BIO|CEDRI BIO|IT|||||0|
BIOCHA|KG|04|CHAMPIGNON BIO|CHAMPIGNON BIO|IT|||||0|
BIOCHI|KG|04|CHINAKOHL BIO|COPPA CINESE BIO|IT|||||0|
BIOCIPNR|NR|04|CIPOLLOTTI BIO|CIPOLLOTTI BIO|IT|||||0|
BIOCIRIO|KG|04|TOMATEN CIRIO BIO|POMODORI CIRIO BIO|IT|||||0|
BIOCL|KG|04|CLEMENTINEN BIO|CLEMENTINE BIO|IT|||||0|
BIOCOPPA|KG|04|COPPA BIO|COPPA BIO|IT|||||0|
BIOCOS|KG|04|MANGOLD BIO|COSTE BIO|IT|||||0|
BIODAT|KG|04|DATTELN BIO||EC|||||0|
BIOEICNR|NR|04|EICHBLATT BIO|FOGLIA DI QUERCIA BI|IT|||||0|
BIOEND|KG|04|ENDIVIE SALAT BIO|INSALATA INDIVIA BIO|IT|||||0|
BIOERDB|KG|04|ERDBEEREN BIO|FRAGOLE BIO|IT|||||0|
BIOERDBNR|NR|04|ERDBEEREN BIO|FRAGOLE BIO|IT|||||0|
BIOERDNNR|NR|04|ERDNUSSE BIO|ARACHIDI BIO||||||0|
BIOFE|KG|04|FENCHEL BIO|FINOCCHI BIO|IT|||||0|
BIOFEI|KG|04|FEIGEN BIO|FICHI BIO|IT|||||0|
BIOFUJI|KG|04|APFEL FUJI BIO|MELE FUJI BIO|IT|||||0|
BIOGALA|KG|04|APFEL GALA BIO|MELE GALA BIO|IT|||||0|
BIOGEN|KG|04|GENTILE BIO|GENTILE BIO|IT|||||0|
BIOGRAAP|KG|04|GRANATAPFEL BIO|MELAGRANE BIO|IT|||||0|
BIOGRUNK|KG|04|GRUNKOHL BIO|CAVOLO RICCIO BIO|IT|||||0|
BIOGU|KG|04|GURKEN BIO|CETRIOLI BIO|IT|||||0|
BIOHIMNR|NR|04|HIMBEEREN BIO||IT|||||0|
BIOING|KG|10|INGWER BIO|ZENZERO BIO|EC|||||0|
BIOKA|KG|04|KAROTTEN BIO|CAROTE BIO|IT|||||0|
BIOKAI|KG|04|BIRNEN KAISER BIO|PERE KAISER BIO|IT|||||0|
BIOKAKI|KG|04|KAKI BIO|KAKI BIO|IT|||||0|
BIOKAR|KG|04|KARTOFFELN BIO|PATATE BIO|IT|||||0|
BIOKARF|KG|04|KARFIOL BIO|CAVOLFIORI BIO|IT|||||0|
BIOKAS|KG|04|KASTANIEN BIO|CASTAGNE BIO|IT|||||0|
BIOKIWI|KG|04|KIWI BIO|KIWI BIO|IT|||||0|
BIOKN|KG|04|KNOBLAUCH BIO|AGLIO BIO|IT|||||0|
BIOKO|KG|04|KOHLRABI BIO|CAVOLO RAPA BIO|IT|||||0|
BIOKONR|NR|04|KOHLRABI BIO|CAVOLO RAPA BIO|IT|||||0|
BIOKUR|KG|04|KURBISSE BIO|ZUCCHE BIO|IT|||||0|
BIOKURKUMA|KG|10|KURKUMA BIO|CURCUMA BIO|IT|||||0|
BIOLIM|KG|04|LIMETTEN BIO|LIMES BIO|MX|||||0|
BIOMA|KG|04|MANDARINEN BIO|MANDARINI BIO|IT|||||0|
BIOMAI|KG|04|MAIKONIG BIO|LATTUGA BIO|IT|||||0|
BIOMAR|KG|04|MARILLEN BIO|ALBICOCCHE BIO|IT|||||0|
BIOME|KG|04|MELANZANE BIO|MELANZANE BIO|IT|||||0|
BIOMEL|KG|04|MELONEN BIO|MELONI BIO|IT|||||0|
BIOMTR|KG|04|TRAUBEN VERNATSCH BI|UVA MERANESE BIO|IT|||||0|
BIONEK|KG|04|NEKTARINEN BIO|NETTARINE BIO|IT|||||0|
BIOOR|KG|04|ORANGEN BIO|ARANCE BIO|IT|||||0|
BIOPAST|KG|04|PASTINAKEN BIO|BIO PASTINACA|IT|||||0|
BIOPEP|KG|04|PEPERONI BIO|PEPERONI BIO|IT|||||0|
BIOPEPGE|KG|04|PEPERONI GELB BIO|PEPERONI GIALLI BIO|IT|||||0|
BIOPEPINI|KG|04|PEPERONCINI BIO|PEPERONCINI BIO|IT|||||0|
BIOPEPR|KG|04|PEPERONI ROT BIO|PEPERONI ROSSI BIO|IT|||||0|
BIOPET|KG|04|PETERSILIE BIO|PREZZEMOLO BIO|IT|||||0|
BIOPETNR|NR|04|PETERSILIE BIO|PREZZEMOLO BIO|IT|||||0|
BIOPETWU|KG|04|PETERSILIENWURZEL BI|RADICI DI PREZZEMOLO|NL|||||0|
BIOPFI|KG|04|PFIRSICHE BIO|PESCHE BIO|GB|||||0|
BIOPFL|KG|04|PFLAUMEN BIO|PRUGNE BIO|IT|||||0|
BIOPINK|KG|04|APFEL PINK BIO|MELE PINK BIO|IT|||||0|
BIOPOM|KG|04|POMPELMI BIO|POMPELMI BIO|EC|||||0|
BIOPOR|KG|04|PORREE BIO|PORRI BIO|IT|||||0|
BIOR|KG|04|RADICCHIO BIO|RADICCHIO BIO|IT|||||0|
BIORA|NR|04|RADIESCHEN BIO|RAPANELLI ROSSI BIO|IT|||||0|
BIORAMA|KG|04|TOMATEN RAMATI BIO|POMODORI RAMATI BIO|IT|||||0|
BIORBK|NR|10|ROTE BEETE VERP. BIO|RAPE ROSSE CONF. BIO|IT|||||0|
BIORBKKG|KG|10|ROTE BEETE VERP. BIO|RAPE ROSSE CONF. BIO|..|||||0|
BIORE|KG|04|RETTICHE BIO|RAPANI BIO|IT|||||0|
BIORIC|KG|04|RICCIA BIO|INSALATA RICCIA BIO|IT|||||0|
BIORO|KG|04|ROMANESCO BIO|ROMANESCO BIO|IT|||||0|
BIOROSM|KG|04|ROSMARIN BIO|ROSMARINO BIO|IT|||||0|
BIOROTRU|KG|04|ROTE BEETE BIO|RAPE ROSSE BIO|IT|||||0|
BIORUCNR|NR|04|RUCOLA BIO|RUCOLA BIO|IT|||||0|
BIORVAR|KG|04|RADICCHIO VARIATO BI|RADICCHIO VARIATO BI|IT|||||0|
BIORZW|KG|04|ZWIEBELN ROT BIO|CIPOLLE ROSSE BIO|IT|||||0|
BIOSA|KG|04|SALAT BIO|INSALATA BIO||||||0|
BIOSCHBNR|NR|04|SCHWARZBEEREN BIO|MIRTILLI NERI BIO|IT|||||0|
BIOSCHSANR|NR|04|SCHNITTSALAT BIO|INSALATINA BIO|IT|||||0|
BIOSEL|KG|04|SELLERIE BIO|SEDANO BIO|IT|||||0|
BIOSELK|KG|04|SELLERIEKNOLLEN BIO|TESTE DI SEDANO BIO|IT|||||0|
BIOSPA|KG|04|SPARGEL BIO|ASPARAGI BIO|IT|||||0|
BIOSPAGR|KG|04|SPARGEL GRUN BIO|ASPARAGI VERDI BIO|IT|||||0|
BIOSPI|KG|04|SPINAT BIO|SPINACI BIO|IT|||||0|
BIOSPINR|KG|04|SPINAT VERP. BIO|SPINACI BIO CONF.|IT|||||0|
BIOSTARK|KG|04|APFEL STARK BIO|MELE STARK BIO|IT|||||0|
BIOTHY|KG|10|THYMIAN BIO|TIMO BIO|IT|||||0|
BIOTO|KG|04|TOMATEN BIO|POMODORI BIO|IT|||||0|
BIOTODAT|KG|04|TOMATEN DATTERINI BI|POMODORI DATTERINI B||||||0|
BIOTOP|KG|10|TOPINAMBOUR BIO|TOPINAMBOUR BIO|IT|||||0|
BIOTOR|KG|04|ORANGEN TAROCCO BIO|ARANCE TAROCCO BIO|IT|||||0|
BIOTR|KG|04|TRAUBEN BIO|UVA BIO|IT|||||0|
BIOTV|KG|04|RADICCHIO TV BIO|RADICCHIO TV BIO|IT|||||0|
BIOTVEX|KG|04|RADICCHIO TV EXTRA B|RADICC. TREV. EXTRA|IT|||||0|
BIOVOGNR|NR|04|FELDSALAT BIO|VALERIANA BIO|IT|||||0|
BIOVR|KG|04|RADICCHIO VR BIO|RADICCHIO VR BIO|IT|||||0|
BIOWI|KG|04|WIRSING BIO|VERZE BIO|IT|||||0|
BIOWIL|KG|04|BIRNEN WILLIAMS BIO|PERE WILLIAMS BIO|IT|||||0|
BIOWKR|KG|04|KOBIS BIO|CAPPUCCI BIO|IT|||||0|
BIOWTR|KG|04|TRAUBEN WEISS BIO|UVA BIANCA BIO|IT|||||0|
BIOWZW|KG|04|ZWIEBELN WEISS BIO|CIPOLLE BIANCHE BIO|IT|||||0|
BIOZI|KG|04|ZITRONEN BIO|LIMONI BIO|IT|||||0|
BIOZU|KG|04|ZUCCHINI BIO|ZUCCHINI BIO|IT|||||0|
BIOZW|KG|04|ZWIEBELN BIO|CIPOLLE BIO|IT|||||0|
BIOZWE|KG|04|ZWETSCHGEN BIO|PRUGNE BIO|IT|||||0|
BIPAC|KG|04|BIRNEN PACKAMS|PERE PACKAMS|AR|||||0|
BIPACAR|KG|04|BIRNEN PACKAMS|PERE PACKAMS|AR|||||0|
BIRED|KG|04|BIRNEN RED BARLETT|PERE  RED BARLETT|EC|||||0|
BIREDNR|NR|04|BIRNEN RED BARLETT|PERE 'RED BARLETT'|EC|||||0|
BITOR|KG|04|BITTERORANGEN|ARANCE AMARE|IT|||||0|
BITWU|NR|22|BITTERWURZELN|RADICI AMARE|IT|||||0|
BL|KG|04|BLAUKRAUT|CAPPUCCI ROSSI|IT|1.60|1.60|1.40|2.00|1|
BLATT|NR|04|BLATTER|FOGLIE|IT|||||0|
BLINQ|NR|04|BLINQ BLOSSOM|BLINQ BLOSSOM|NL|||||0|
BLKON|NR|10|BLAUKRAUT IN DOSEN|CAPPUCCI ROSSI CONF.|..|||||0|
BLNL|KG|04|BLAUKRAUT|CAPPUCCI ROSSI|NL|||||0|
BLOS|NR|04|BLOSSOM|BLOSSOM|NL|||||0|
BLU|NR|04|BLUTEN|ASSORTIMENTO PETALI|FR|4.80|5.00|4.80|4.60|1|
BLUMEN|NR|10|BLUMEN - PLANZEN|FIORI - PIANTE|..|||||0|
BO|KG|04|BOHNEN BORLOTTI|BORLOTTI|IT|||||0|
BOCKSH|KG|10|JOHANNISBROT|CARRUBE|IT|3.30||||1|
BOH|KG|04|BOHNEN|FAGIOLINI BOBY|IT|5.50|5.50|5.50|6.50|1|
BOHCOR|KG|04|BOHNEN CORONA|FAGIOLI CORONA|..|||||0|
BOHEC|KG|04|BOHNEN|FAGIOLINI|EC|||||0|
BOHES|KG|04|BOHNEN|FAGIOLINI BOBY|ES|||||0|
BOHGE|KG|04|BOHNEN GELB|FAGIOLINI GIALLI|IT|||||0|
BOHKE|KG|04|BOHNEN KENYA|FAGIOLINI KENYA|EC|10.80|10.80|10.50||1|
BOHKENR|NR|04|BOHNEN KENYA|FAGIOLINI KENYA|EC|||||0|
BOHNR|NR|04|BOHNEN||EC|||||0|
BOHSCH|KG|04|BOHNEN SCHWARZ|FAGIOLI NERI|..|||||0|
BOR|NR|04|BORRETSCH|BORRAGINE|NL|17.00|17.00|17.00||1|
BORDO|NR|10|BORLOTTI IN DOSEN|BORLOTTI IN BARATT.|..|||||0|
BRAS|KG|04|BRASILIANER SALAT|INSALATA BRASILIANA|IT|||||0|
BRASBE|KG|04|BRASILIANER SALAT|INSALATA BRASILIANA|BE|||||0|
BRASDE|KG|04|BRASILIANER SALAT|INSALATA BRASILIANA|DE|||||0|
BRASES|KG|04|BRASILIANER SALAT|INSALATA BRASILIANA|ES|2.80|2.80|2.60|3.30|1|
BRASFR|KG|04|BRASILIANER SALAT|INSALATA BRASILIANA|FR|||||0|
BRASGB|KG|04|BRASILIANER SALAT|INSALATA BRASILIANA|GB|||||0|
BRASH|KG|04|BRASILIANER HELL|BRASILIANA CHIARA|IT|||||0|
BRASNL|KG|04|BRASILIANER SALAT|INSALATA BRASILIANA|NL|||||0|
BRASNLNR|NR|04|BRASILIANER SALAT|INSALATA BRASILIANA|NL|||||0|
BROC|KG|04|BROKKOLI|BROCCOLI|IT|2.80|2.80|2.80|3.80|1|
BROCDE|KG|04|BROKKOLI EIS|BROCCOLI EIS|DE|||||0|
BROCES|KG|04|BROKKOLI|BROCCOLI|ES|||||0|
BROCNL|KG|04|BROKKOLI|BROCCOLI|NL|||||0|
BROCNR|NR|04|BROKKOLI|BROCCOLI|DE|||||0|
BROCTOR|KG|04|BROKKOLI TORBOLE|BROCCOLO DI TORBOLE|IT|||||0|
BROCW|KG|04|WILDER BROKKOLI|BROCCOLO SELVATICO|IT|||||0|
BROM|KG|04|BROMBEEREN|MORE|IT|25.00|25.00|25.00|25.00|1|
BROMEC|KG|04|BROMBEEREN|MORE|EC|||||0|
BROMES|KG|04|BROMBEEREN|MORE|ES|||||0|
BROMNL|KG|04|BROMBEEREN|MORE|NL|||||0|
BROMNR|NR|04|BROMBEEREN|MORE|IT|||||0|
BROMNREC|NR|04|BROMBEEREN|MORE|EC|||||0|
BROMNRES|NR|04|BROMBEEREN|MORE|ES|||||0|
BRUNNR|NR|04|BRUNNENKRESSE|BRUNNENPLATZ|NL|||||0|
BRUS|NR|04|BRUSCANDOLI|BRUSCANDOLI|IT|||||0|
BSPA|KG|04|SPARGEL BASSANO|ASPARAGI BASSANESI|IT|||||0|
BTR|KG|04|TRAUBEN BLAU|UVA NERA|IT|4.00|4.00|3.30|4.30|1|
BTREC|KG|04|TRAUBEN BLAU|UVA NERA|EC|||||0|
BTRFR|KG|04|TRAUBEN BLAU|UVA NERA|FR|||||0|
BTRNR|NR|04|TRAUBEN BLAU|UVA NERA|EC|||||0|
BUDDHA|NR|04|BUDDHA FINGER|MANO DI BUDDHA|EC|||||0|
BUF|KG|04|MOZZARELLA BUFALA|MOZZARELLA BUFALA|IT|||||0|
BUKA|KG|04|KAROTTEN IN BUND|CAROTE IN MAZZI|IT|2.80|2.80|2.80|3.00|1|
BUKANR|NR|04|KAROTTEN IN BUND|CAROTE IN MAZZI|IT|||||0|
BUR|KG|04|BURGUNDER SALAT|INSALATA BURGUNDER|IT|||||0|
BURDE|KG|04|BURGUNDER SALAT|INSALATA BURGUNDER|DE|||||0|
BURNR|NR|04|BURGUNDER SALAT|INSALATA BURGUNDER|IT|||||0|
BURNRDE|NR|04|BURGUNDER SALAT|INSALATA BURGUNDER|DE|||||0|
BURR|KG|04|BURRATA|BURRATA|IT|||||0|
CAM|KG|04|TOMATEN CAMONE|POMODORI 'CAMONE'|IT|||||0|
CAN|KG|04|CANNELLINI BOHNEN|FAGIOLI CANNELLINI|..|||||0|
CANDFR|KG|10|KANDIERTE FRUCHTE|FRUTTA CANDITA|..|||||0|
CANDFRNR|NR|10|KANDIERTE FRUCHTE|FRUTTI CANDITI|..|||||0|
CANDKI|KG|10|KANDIERTE KIRSCHEN|CILIEGE CANDITE|..|||||0|
CANDKINR|NR|10|KANDIERTE KIRSCHEN|CILIEGE CANDITE|..|||||0|
CANDO|NR|10|CANNELLINI IN DOSEN|CANNELL. LATTA 2650|..|||||0|
CANNR|NR|04|CANNELLINI BOHNEN|FAGIOLI CANNELLINI|..|||||0|
CAR|NR|04|ARTISCHOCKEN|CARCIOFI|IT|1.10|1.10|1.10||1|
CARBO|NR|04|ARTISCHOCKEN BODEN|FONDI DI CARCIOFI|IT|||||0|
CARDI|KG|04|CARDI|CARDI|IT|||||0|
CARDO|NR|10|CARCIOFINI IN GLASER|CARCIOFINI IN VASO||||||0|
CARFR|NR|04|ARTISCHOCKEN|CARCIOFI|FR|||||0|
CARICA|NR|22|CARICABATTERIE|CARICABATTERIE|..|||||0|
CARINI|KG|04|CARCIOFINI|CARCIOFINI|IT|||||0|
CARLET|NR|04|CARLETTI|CARLETTI|IT|||||0|
CARS|NR|04|ARTISCHOCKEN SUDTIRO|CARCIOFI ALTO ADIGE|IT|||||0|
CARSPI|NR|04|ARTISCHOCKEN SPINOSI|CARCIOFI 'SPINOSI'|IT|||||0|
CASH|KG|04|CASHEW|ANACARDI|EC|||||0|
CASHNR|NR|04|CASHEW|ANACARDI|EC|||||0|
CAT|KG|04|CATALOGNA|CATALOGNA|IT|2.00|2.00|2.00|2.60|1|
CATCIM|KG|04|CATALOGNA CIMATA|CATALOGNA CIMATA|IT|3.30|3.30|3.30|3.80|1|
CAV|KG|04|SCHWARZKOHL|CAVOLO NERO|IT|3.80|3.80|3.80||1|
CAVO|NR|22|PC INTERFACE CABLE Z|PC INTERFACE CABLE Z|..|||||0|
CECI|KG|04|KICHERERBSEN|CECI|IT|3.50|3.50|3.50||1|
CECINR|NR|04|KICHERERBSEN VERP.|CECI CONF.|IT|||||0|
CED|KG|04|CEDRI|CEDRI|IT|||||0|
CHA|KG|04|CHAMPIGNON|CHAMPIGNON SGAMBATI|IT|4.20|4.20|4.20|4.80|1|
CHAMP|KG|04|CHAMPAGNER|MELE CHAMPAGNER|IT|||||0|
CHAMPDO|NR|10|CHAMPIGNON IN DOSEN|CAHMPIGNON IN BARATT|IT|||||0|
CHANR|NR|04|CHAMPIGNON|CHAMPIGNON SGAMBATI|IT|||||0|
CHAYOTE|KG|04|CHAYOTE|CHAYOTE||||||0|
CHER|NR|04|CHERIMOYA|CHERIMOYA|EC|||||0|
CHI|KG|04|CHINAKOHL|COPPA CINESE|IT|2.60|2.60|2.60|2.80|1|
CHIA|KG|10|CHIASAMEN|SEMI DI CHIA||||||0|
CHIDE|KG|04|CHINAKOHL|COPPA CINESE|DE|||||0|
CHIES|KG|04|CHINAKOHL|COPPA CINESE|ES|||||0|
CHILLI|KG|04|CHILLI|CHILLI|IT|||||0|
CHIOG|KG|04|CHIOCCIA RUBEN|RAPE  CHIOCCIA|NL|2.80|2.80|2.80||1|
CHIOGNR|NR|04|CHIOGGIA RUBEN|RAPE  CHIOGGIA|NL|||||0|
CHIPL|KG|04|CHINAKOHL|COPPA CINESE|PL|||||0|
CIP|KG|04|CIPOLLOTTI|CIPOLLOTTI|IT|||||0|
CIPNR|NR|04|CIPOLLOTTI|CIPOLLOTTI|IT|1.00|1.00|1.00||1|
CIRA|KG|04|CIME DI RAPA|CIME DI RAPA|IT|3.30|3.30|3.30||1|
CIRIO|KG|04|COCKTAIL TOMATEN|POMODORI CIRIO|IT|4.20|4.20|4.20|4.50|1|
CIRIOGE|NR|04|TOMATEN CIRIO GELB||IT|7.50|7.50|7.50|8.00|1|
CIRIONL|KG|04|TOMATEN CIRIO|POMODORINI CIRIO|NL|||||0|
CIT|KG|10|CITRONAT|CITRONAT|..|||||0|
CITNR|NR|10|CITRONAT|CITRONAT|..|||||0|
CITRA|KG|04|CITRA LEAVES|CITRA LEAVES|NL|18.00|18.00|18.00||1|
CL|KG|04|CLEMENTINEN|CLEMENTINE|IT|3.10|3.10|3.10||1|
CL1|KG|04|CLEMENTINEN 1|CLEMENTINE 1|IT|||||0|
CL1ES|KG|04|CLEMENTINEN NR. 1|CLEMENTINE N. 1|ES|||||0|
CL2|KG|04|CLEMENTINEN NR. 2|CLEMENTINE N. 2|IT|||||0|
CL2ES|KG|04|CLEMENTINEN NR. 2|CLEMENTINE N. 2|ES|||||0|
CL3|KG|04|CLEMENTINEN NR. 3|CLEMENTINE N. 3|IT|||||0|
CL4|KG|04|CLEMENTINEN NR. 4|CLEMENTINE N. 4|IT|||||0|
CL5|KG|04|CLEMENTINEN NR. 5|CLEMENTINE N. 5|IT|||||0|
CL6|KG|04|CLEMENTINEN NR. 6|CLEMENTINE N. 6|IT|||||0|
CL7|KG|04|CLEMENTINEN NR. 7|CLEMENTINE N. 7|IT|||||0|
CLEC|KG|04|CLEMENTINEN|CLEMENTINE|EC|||||0|
CLES|KG|04|CLEMENTINEN|CLEMENTINE|ES|||||0|
CLL|KG|04|CLEMENTINEN LAUB|CLEMENTINE FOGLIA|IT|3.10|3.10|3.10||1|
CLNR|NR|04|CLEMENTINEN|CLEMENTINE|IT|||||0|
CLV|KG|04|CLEMENVILLA|CLEMENVILLA|ES|||||0|
CONF|NR|04|CONFETTI MIX|CONFETTI MIX|NL|||||0|
COPPA|KG|04|COPPA|COPPA|IT|2.50|2.50|2.50|3.30|1|
COR|KG|04|BOHNEN CORONA|FAGIOLI CORONA|..|||||0|
CORD|NR|22|CORDLESS OPEN PHONE|||||||0|
CORNA|NR|04|CORNABRIA BLOSSOM|CORNABRIA BLOSSOM|NL|16.00|16.00|16.00||1|
COS|KG|04|MANGOLD|COSTE|IT|2.30|2.40|2.30|3.30|1|
COSBU|KG|04|MANGOLD BUNT|COSTE COLOR.|IT|4.00|4.00|4.00||1|
CRAN|KG|10|CRANBERRIES|CRAN BERRIES|US|||||0|
CUB|KG|10|KANDIERTE FRUCHTE WU|CUBETTI MISTI CANDIT|..|||||0|
CUS|NR|04|COUSCOUS|COUSCOUS|..|||||0|
DAT|KG|04|DATTELN|DATTERI|EC|||||0|
DAT1000|NR|04|DATTELN RAMATI 1 KG.|DATTERI RAMATI 1 KG|EC|||||0|
DAT200|NR|04|DATTELN 250 GR.|DATTERI 250 GR.|EC|||||0|
DAT250|NR|04|DATTELN 250 GR.|DATTERI 250 GR.|EC|||||0|
DATNR|NR|04|DATTELN VERP.|DATTERI CONF.|EC|||||0|
DATRAMA|KG|04|DATTELN RAMATI|DATTERI RAMATI|EC|||||0|
DEC|KG|04|BIRNEN DECANA|PERE  DECANA|IT|||||0|
DILL|KG|04|DILL|ANETO|IT|19.00|19.00|19.00|20.00|1|
DILLKE|KG|04|DILL|ANETO|KE|||||0|
DIN|KG|10|DINKEL|FARRO||||||0|
DISFRNR|NR|10|FRUCHTE GETROCKNET|FRUTTA DISIDRATATA|..|||||0|
DULCE|NR|04|DULCE MIX|DULCE MIX|NL|17.00|17.00|17.00||1|
DURIAN|NR|04|DURIAN|DURIAN|TH|||||0|
EC100|NR|22|WAAGE 30 KG EC II 10|||||||0|
EDAM|KG|04|EDAMAME|EDAMAME|EC|||||0|
EGE|KG|04|EGERLINGE|CHAMPIGNON CREMA|IT|4.20|4.20|4.20|4.40|1|
EI|NR|10|EIER|UOVA|IT|||||0|
EIC|KG|04|EICHBLATT SALAT|INSALATA EICHBLATT|IT|4.00|4.20|4.00|4.40|1|
EICDE|KG|04|EICHBLATT SALAT|INSALATA 'EICHBLATT'|DE|||||0|
EICNR|NR|04|EICHBLATT SALAT|INSALATA EICHBLATT|IT|||||0|
EICNRDE|NR|04|EICHBLATT SALAT|INSLALTA 'EICHBLATT'|DE|||||0|
EIS|KG|04|EISKONIG SALAT|INSALATA  EISKONIG|IT|||||0|
EISBE|KG|04|EISKONIG SALAT|INSALATA 'EISKONIG'|BE|||||0|
EISDE|KG|04|EISKONIG SALAT|INSALATA 'EISKONIG'|DE|||||0|
EISES|KG|04|EISKONIG SALAT|INSALATA 'EISKONIG'|ES|||||0|
EISFR|KG|04|EISKONIG SALAT|INSALATA 'EISKONIG'|FR|||||0|
EISGB|KG|04|EISBERG SALAT|INSALATA 'EISBERG'|GB|||||0|
EISKR|NR|04|EISKRAUT|INSALATA EISKRAUT|IT|||||0|
EISNL|KG|04|EISKONIG SALAT|INSALATA 'EISKONIG'|NL|||||0|
ELSTAR|KG|04|APFEL ELSTAR|MELE  ELSTAR|IT|||||0|
END|KG|04|ENDIVIE SALAT|INDIVIA SCAROLA LAV.|IT|3.80|3.80|3.80|5.30|1|
ENDGEP|KG|04|ENDIVIEN GESPR. GEP.|INDIVIA SCAROLA LAV.|IT|||||0|
ENOKI|NR|04|ENOKI PILZE|FUNGHI ENOKI|EC|||||0|
EPAL|NR|22|PALLETS EPAL|PEDANE EPAL||||||0|
ERB|KG|04|ERBSEN|PISELLI|IT|||||0|
ERBDO|NR|10|ERBSEN IN DOSEN|PISELLI IN BARATTOLO|..|||||0|
ERBETTE|KG|04|ERBETTE|ERBETTE|IT|||||0|
ERBKRES|NR|04|ERBSENKRESSE|CRESCIONE PISELLO|IT|17.50|17.50|17.50||1|
ERBNR|NR|04|ERBSEN GETROCKNET|PISELLI SECCHI|..|||||0|
ERBSCH|KG|04|ERBSENSCHOTEN|TACCOLE|EC|13.00|13.00|13.00|13.80|1|
ERBSCHNR|NR|04|ERBSENSCHOTEN|BACELLI DI PISELLI|EC|||||0|
ERDB|KG|04|ERDBEEREN|FRAGOLE|IT|11.00|11.00|11.00||1|
ERDB250|NR|04|ERDBEEREN|FRAGOLE|IT|||||0|
ERDB500|NR|04|ERDBEEREN|FRAGOLE|NL|||||0|
ERDBEC|KG|04|ERDBEEREN|FRAGOLE|EC|||||0|
ERDBES|KG|04|ERDBEEREN|FRAGOLE|ES|||||0|
ERDBNL|KG|04|ERDBEEREN|FRAGOLE|NL|||||0|
ERDBNR|NR|04|ERDBEEREN|FRAGOLE|IT|||||0|
ERDBNREC|NR|04|ERDBEEREN|FRAGOLE|EC|||||0|
ERDBNRES|NR|04|ERDBEEREN|FRAGOLE|ES|||||0|
ERDBTR|KG|04|ERDBEERTRAUBEN|UVA FRAGOLA|IT|||||0|
ERDN|KG|10|ERDNUSSE|ARACHIDI|..|||||0|
ERDN500|NR|10|ERDNUSSE G. 500|ARACHIDI G. 500|..|||||0|
ERDNNR|NR|10|ERDNUSSE|ARACHIDI|..|||||0|
ESGU|NR|10|ESSIGGURKEN|CETRIOLI SOTT'ACETO|..|||||0|
EST|NR|04|ESTRAGON|DRAGONCELLO|EC|||||0|
ESTKE|KG|04|ESTRAGON|DRAGONCELLO|KE|20.00|20.00|20.00|20.00|1|
EUROPA|NR|22|EURO - PALETTEN|PEDANE EURO|..|||||0|
EXFR|KG|04|EXOTISCHE FRUCHTE|FRUTTA ESOTICA|EC|||||0|
EXFRNR|NR|04|EXOTISCHE FRUCHTE|FRUTTI ESOTICI|EC|||||0|
FAVE|KG|04|FAVE|FAVE|IT|||||0|
FAVENR|NR|04|FAVE|FAVE|..|||||0|
FE|KG|04|FENCHEL|FINOCCHI|IT|2.20|2.20|2.00||1|
FEI|KG|04|FEIGEN|FICHI|IT|||||0|
FEI250|NR|04|FEIGEN GETR. 250 GR.|FICHI SECCHI 250 GR.|..|||||0|
FEI500|NR|04|FEIGEN GETR. 500 GR.|FICHI SECCHI 500 GR.|..|||||0|
FEIBR|KG|04|FEIGEN|||||||0|
FEIEC|KG|04|FEIGEN|FICHI|EC|20.00|20.00|20.00|22.00|1|
FEIEL|KG|04|FEIGEN|FICHI|GR|||||0|
FEIES|KG|04|FEIGEN|FICHI|ES|7.20|7.20|7.20||1|
FEIKON|NR|10|FEIGEN IN DOSEN|FICHI IN BARATTOLO|..|||||0|
FEINR|NR|04|FEIGEN|FICHI|IT|||||0|
FEINREC|NR|04|FEIGEN|FICHI|EC|||||0|
FEINREL|NR|04|FEIGEN|FICHI|EL|||||0|
FEISCHES|KG|04|FEIGEN SCHWARZ|FICHI NERI|ES|||||0|
FEITR|KG|04|FEIGEN|FICHI|TR|||||0|
FETANR|NR|04|FETA|FETA|IT|||||0|
FIAMM|NR|22|BATTERIE FIAMM SN683|||||||0|
FILIM|NR|04|FINGER LIMES|FILIM|EC|||||0|
FIMAIS|NR|04|FINGERMAIS|PANNOCCHIETTE|EC|||||0|
FINF|KG|04|FINFERLE|FINFERLE|IT|||||0|
FLOWER|NR|04|FLOWERSPROUT|FLOWERSPROUT|BE|||||0|
FOR|KG|04|FORTUNA|FORTUNA|ES|||||0|
FRI|KG|04|FRISEE SALAT|INSALATA FRISEE|IT|||||0|
FRIDE|KG|04|FRISEE SALAT|INSALATA 'FRISEE'|DE|||||0|
FRIG|KG|04|FRIGGITELLI|FRIGGITELLI|IT|5.00|5.00|5.00|5.00|1|
FRINR|NR|04|FRISEE SALAT|INSALATA FRISEE|IT|||||0|
FRINRDE|NR|04|FRISEE SALAT|INSALATA 'FRISEE'|DE|||||0|
FRIZW|KG|04|ZWIEBELN FRISCH|CIPOLLOTTI|IT|||||0|
FRIZWNR|NR|04|ZWIEBELN FRISCH|CIPOLLOTTI|IT|||||0|
FUJI|KG|04|APFEL FUJI|MELE FUJI|IT|1.80|1.80|1.80|2.50|1|
GAKA|NR|04|KAROTTEN GARTEN|CAROTE NOVELLE|IT|||||0|
GALA|KG|04|APFEL GALA|MELE GALA|IT|1.60|1.60|1.60|2.20|1|
GALANR|NR|04|APFEL GALA||EC|||||0|
GALAVOG|KG|04|APFEL GALA MARLENE|MELE GALA MARLENE|IT|||||0|
GALGANT|KG|04|GALGANT|GALGANT|EC|||||0|
GALIA|KG|04|MELONEN GALIA|MELONI GALIA|EC|||||0|
GALIANR|NR|04|MELONEN GALIA|MELONI GALIA|EC|||||0|
GBE|KG|04|GELBE BEETE|RAPE GIALLE|NL|2.80|2.80|2.80||1|